{"cameraMode":{"drawMode":0,"name":"Shaded","section":"Shading Mode"},"sceneLighting":true,"audioPlay":false,"sceneViewState":{"showFog":true,"showMaterialUpdate":false,"showSkybox":true,"showFlares":true,"showImageEffects":true,"showParticleSystems":true},"in2DMode":false,"pivot":{"x":-0.07055354118347168,"y":-0.23189496994018556,"z":-1.0658574104309083},"rotation":{"x":0.001240145298652351,"y":-0.9961972236633301,"z":0.08600777387619019,"w":0.014370455406606198},"size":4.406624794006348,"orthographic":false}