{"cameraMode":{"drawMode":0,"name":"Shaded","section":"Shading Mode"},"sceneLighting":true,"audioPlay":false,"sceneViewState":{"showFog":true,"showMaterialUpdate":true,"showSkybox":true,"showFlares":true,"showImageEffects":true,"showParticleSystems":true},"in2DMode":false,"pivot":{"x":0.31683802604675295,"y":0.31728363037109377,"z":-2.9505066871643068},"rotation":{"x":-0.02590467594563961,"y":0.973210871219635,"z":-0.1390310525894165,"w":-0.18132571876049043},"size":7.869056701660156,"orthographic":false}