{"cameraMode":{"drawMode":0,"name":"Shaded","section":"Shading Mode"},"sceneLighting":true,"audioPlay":false,"sceneViewState":{"showFog":true,"showMaterialUpdate":true,"showSkybox":true,"showFlares":true,"showImageEffects":true,"showParticleSystems":true},"in2DMode":false,"pivot":{"x":0.6609672904014587,"y":0.674368143081665,"z":-0.16979598999023438},"rotation":{"x":0.0004049356793984771,"y":0.9995230436325073,"z":-0.02699369564652443,"w":0.014993969351053238},"size":2.108309030532837,"orthographic":false}