{"cameraMode":{"drawMode":0,"name":"Shaded","section":"Shading Mode"},"sceneLighting":true,"audioPlay":false,"sceneViewState":{"showFog":true,"showMaterialUpdate":true,"showSkybox":true,"showFlares":true,"showImageEffects":true,"showParticleSystems":true},"in2DMode":false,"pivot":{"x":1.1843509674072266,"y":0.5854284763336182,"z":-1.519256591796875},"rotation":{"x":0.000321121362503618,"y":-0.9996470212936401,"z":0.023394158110022546,"w":0.013792353682219983},"size":2.9391331672668459,"orthographic":false}